name,aligned_seq,seq,type,pam,identity,pam_tested,norm_repression,norm_represson_std
SpyCas9,TGGFSK-ESIL-------------PK-R-N-----S--D-----KLIARKK-------------------DWDPKKYGGFDSPTVAYS-V-LVVAKV-----EKGK--SK-KLKS--VKELLGITIME---RSS-FE-------------KNPI-----------DFL--------------EAKGY----------------------KEVK-K-D-L-----------I--IKL-P-KYS-L---F----E-LE----N----G---R----------K---R--------ML---ASAGE--------LQKGNELALPSKY-VNFLYLAS-HYE--------------------------------------------KLKG----S-P----E----D---NE--Q-KQ--LF-----------------VEQHKHYLDEIIE-Q-I-SEFSK-------R-V---I-L--A-DA--N---------L-D--KVL-S-AY-----------NKHR-DK--P-------------------------------IREQA-----ENI-------I--------H--------LFT-LT--NL------GA----PA----A------F--K----Y-------F-----D--------T--T---I--D-R-K-R--Y-T--S-T----K-E-VL------------------------DATLIHQSITGLYET,TGGFSKESILPKRNSDKLIARKKDWDPKKYGGFDSPTVAYSVLVVAKVEKGKSKKLKSVKELLGITIMERSSFEKNPIDFLEAKGYKEVKKDLIIKLPKYSLFELENGRKRMLASAGELQKGNELALPSKYVNFLYLASHYEKLKGSPEDNEQKQLFVEQHKHYLDEIIEQISEFSKRVILADANLDKVLSAYNKHRDKPIREQAENIIHLFTLTNLGAPAAFKYFDTTIDRKRYTSTKEVLDATLIHQSITGLYET,II-A,NGG,1,TGGGTTT,1,0
Seq1Cas9,NGGLFD-NNIL----------AKPEK-D-D-----K--K-----KLFPIKN-------------------SLSTTSYGGYARATIAYS-I-LIVSES-----RERK--EL-K--------LLGLPLLD---KVK-YE-------------KNPT-----------AYL--------------NGIG-----------------------IVNI-K-N-I--------------FKL-S-KYC-L---L----E--F----KEKSIT---Y----------H---R--------YM---VSNQE--------LKRANQLSLTCKE-TELIYTYI-KS---------------------------------------------GEDN----I-Q----L----D---GN---------------------------EKVILSLWNKMIA-F-M-EQTKL---------------I--D-KK--L---------F-V--SLK-E-LK-----------DEVN-LI--N-------------------------------ILDIA-----SKS-------I--------D--------FTK-I---SA------GQ---KKI----V------L--N---DS-------L-----S--------L--P---I--K-R-W-Q--F-K--S-D----E-K-ML--------------------KQLNDATLIHQSVTGLYET,NGGLFDNNILAKPEKDDKKKLFPIKNSLSTTSYGGYARATIAYSILIVSESRERKELKLLGLPLLDKVKYEKNPTAYLNGIGIVNIKNIFKLSKYCLLEFKEKSITYHRYMVSNQELKRANQLSLTCKETELIYTYIKSGEDNIQLDGNEKVILSLWNKMIAFMEQTKLIDKKLFVSLKELKDEVNLINILDIASKSIDFTKISAGQKKIVLNDSLSLPIKRWQFKSDEKMLKQLNDATLIHQSVTGLYET,II-A,NAGA,0.59,TAGACTT,-0.000287953568451136,0.0122427419899671
Smu3Cas9,TGGFSK-ESIL-------------PK-G-D-----S--D-----KLIPRKTK----------------KFYWDTKKYGGFDSPIVAYS-I-LVIADI-----EKGK--SK-KLKT--VKALVGVTIME---KMT-FE-------------RDPV-----------AFL--------------ERKGYR--------------------NVQEE-N-I-I---------------KL-P-KYS-L---F----K-LE----N----G---R----------K---R--------LL---ASARE--------LQKGNEIVLPNHL-GTLLYHA----K--------------------------------------------NIHK----V-D----E----P---KH--L-DY---------------------VDKHKDEFKELLD-V-V-SNFSK-------K-Y---T-L--A-EG--N---------L-E--KIK-E-LY-----------AQNN-GE--D-------------------------------LKELA-----SSF-------I--------N--------LLT-FT--AI------GA----PA----T------F--K----F-------F-----D--------K--N---I--D-R-K-R--Y-T--S-T----T-E-IL------------------------NATLIHQSITGLYET,TGGFSKESILPKGDSDKLIPRKTKKFYWDTKKYGGFDSPIVAYSILVIADIEKGKSKKLKTVKALVGVTIMEKMTFERDPVAFLERKGYRNVQEENIIKLPKYSLFKLENGRKRLLASARELQKGNEIVLPNHLGTLLYHAKNIHKVDEPKHLDYVDKHKDEFKELLDVVSNFSKKYTLAEGNLEKIKELYAQNNGEDLKELASSFINLLTFTAIGAPATFKFFDKNIDRKRYTSTTEILNATLIHQSITGLYET,II-A,NGGDT,0.648,TGGGTTT,1.23474575803374,0.0158000104019951
EfaCas9,KGGFSK-ETVE-------------PK-K-D-----S--S-----KLLPRKN-------------------NWDPAKYGGLGSPNVAYT-V-AFTYE------KGKA--RK-RTN-----ALEGITIME---REA-FE-------------QSPV-----------LFL--------------KNKG-----------------------YEQA-E-I-E--------------MKL-P-KYA-L---F----E-LE----N----G---R----------K---R--------MV---ASNKE--------AQKANSFLLPEHL-VTLLYHA---------------------------------------------------KQ----Y-D----E----I---SH--K-ES--FD----------------YVNEHHKEFSEVFA-R-V-LEFAG-------K-Y---T-L--A-EK--N---------I-E--KLE-K-IY-----------KENQ-TD--D-------------------------------LAKLA-----SSF-------V--------N--------LMQ-FN--AM------GA----PA----D------F--K----F-------F-----D--------V--T---I--P-R-K-R--Y-T--S-L----T-E-IW------------------------QSTIIHQSITGLYET,KGGFSKETVEPKKDSSKLLPRKNNWDPAKYGGLGSPNVAYTVAFTYEKGKARKRTNALEGITIMEREAFEQSPVLFLKNKGYEQAEIEMKLPKYALFELENGRKRMVASNKEAQKANSFLLPEHLVTLLYHAKQYDEISHKESFDYVNEHHKEFSEVFARVLEFAGKYTLAEKNIEKLEKIYKENQTDDLAKLASSFVNLMQFNAMGAPADFKFFDVTIPRKRYTSLTEIWQSTIIHQSITGLYET,II-A,BGGDTNN,0.53,TGGGTTT,1.17753124570855,0.0201984294909176
LrhCas9,--DLFK-QTIYAA-------KDSKER-G-G-----S--K-----QLIPKKQ-------------------GYPTQVYGGYTRENTAYL-A-VVKTVE-----KKAD--VY-R--------VVRIATSQ---VAA-LKEARA-----QSTVKERE--------LLKKFL--------------TTKFTKIGK-------------NGKKAITPF-D-I-V-----------I--PRV-P-REQ-L---F----H--N----K----R---Y---------GF---F--------MV---NSDTL--------MHNYQELWMSRSD-QQILSKLV-KSA--------------------------------------------K-------T-----------V--------------E-----------------NGQVGRLFENIVE-Q-I-NKYFP-------L-Y---D-I--N-QF--R-----------K--KLD-Q-SK-----------DIFS-KL--PLEG-------------------------NGTTSGKR-----ETI-------Q--------N--------ILT-GA--GT------GA---KNG----D------L--K----N-------L-----G--------I--K---T--P-F-G-F--L-Q--V-P----S-G-IV---------------------LDDDTTLIYQSPTGML--,DLFKQTIYAAKDSKERGGSKQLIPKKQGYPTQVYGGYTRENTAYLAVVKTVEKKADVYRVVRIATSQVAALKEARAQSTVKERELLKKFLTTKFTKIGKNGKKAITPFDIVIPRVPREQLFHNKRYGFFMVNSDTLMHNYQELWMSRSDQQILSKLVKSAKTVENGQVGRLFENIVEQINKYFPLYDINQFRKKLDQSKDIFSKLPLEGNGTTSGKRETIQNILTGAGTGAKNGDLKNLGIKTPFGFLQVPSGIVLDDDTTLIYQSPTGML,II-A,NNTAAW,0.279,TTTAAAT,-0.0413569454634482,0.012210602786857
TbaCas9,KGQLFN-LTIK----------DKTQL-K-K-----N--V-----GNIVANTPISLKN------RKLHLNSVEIAKKYGYFDSLNNAYF-V-LFKYE------EKGK--EK-IG-------FDSITIAY---KER-LK-------------KNLD---------IEKFL--------------ENKG-----------------------YKNS-K-L-I--------------RKI-F-KNQ-K---V----L--I----N----G---Y----------P---Y--------LL---KSFNK--QSQI-KFNNFKILYLNENN-LKFAKDAI-KFEKNNANVDLK--------------------------KQKYIVSFLKKKK----Q-N----E----I---NE--T-YE--ECID-------------RLNDEFDTLFLKLCD-I-Q-KSSIY-------T-NYKLQ-D--F-SS--N---------K-K--S------IEIK-----DKFDIFK-SL--D-------------------------------LYKKS-----KLI-------K--------E--------FLN-YY--KY------EK---NDL----D------F--S----L-------I-----D--------I--D---K--K-A-N-C--I-Q--K-H----F-T-ED---------------------LVKDFVIVDESVTGLFV-,KGQLFNLTIKDKTQLKKNVGNIVANTPISLKNRKLHLNSVEIAKKYGYFDSLNNAYFVLFKYEEKGKEKIGFDSITIAYKERLKKNLDIEKFLENKGYKNSKLIRKIFKNQKVLINGYPYLLKSFNKQSQIKFNNFKILYLNENNLKFAKDAIKFEKNNANVDLKKQKYIVSFLKKKKQNEINETYEECIDRLNDEFDTLFLKLCDIQKSSIYTNYKLQDFSSNKKSIEIKDKFDIFKSLDLYKKSKLIKEFLNYYKYEKNDLDFSLIDIDKKANCIQKHFTEDLVKDFVIVDESVTGLFV,II-A,NNNATTT,0.27,TAAATTT,-0.0280577416073085,0.0105201107344915
ScCas9,TGGFSK-ESIL-------------SK-R-E-----S--A-----KLIPRKK-------------------GWDTRKYGGFGSPTVAYS-I-LVVAKV-----EKGK--AK-KLKS--VKVLVGITIME---KGS-YE-------------KDPI-----------GFL--------------EAKGY----------------------KDIK-K-E-L-----------I--FKL-P-KYS-L---F----E-LE----N----G---R----------R---R--------ML---ASATE--------LQKANELVLPQHL-VRLLYYTQ-NIS--------------------------------------------ATTG----S-N----N----L---G---Y-IE--QH-----------------REEFKEIFEKIID-F-S-EKYIL---------K---N-K--V-NS--N---------L-K--S---S-FD-----------EQFA-VS--D-------------------------------SILLS-----NSF-------V--------S--------LLK-YT--SF------GA----SG----G------F--T----F-------L-----D--------L--D---V--K-Q-G-R--L-R--Y-Q----T-V-TE----------------------VLDATLIYQSITGLYET,TGGFSKESILSKRESAKLIPRKKGWDTRKYGGFGSPTVAYSILVVAKVEKGKAKKLKSVKVLVGITIMEKGSYEKDPIGFLEAKGYKDIKKELIFKLPKYSLFELENGRRRMLASATELQKANELVLPQHLVRLLYYTQNISATTGSNNLGYIEQHREEFKEIFEKIIDFSEKYILKNKVNSNLKSSFDEQFAVSDSILLSNSFVSLLKYTSFGASGGFTFLDLDVKQGRLRYQTVTEVLDATLIYQSITGLYET,II-A,NNG,0.833,TGGGTTT,0.804200344422933,0.0148446381393866
SmacCas9,NGGLFD-DNPK-----------SPLE-V-T-----P--S-----KLVPLKK-------------------ELNPKKYGGYQKPTTAYP-V-LLITD-------------T-KQ-------LIPISVMN---KKQ-FE-------------QNPV-----------KFL--------------RDRGYQ--------------------QVGKN-D-F-I---------------KL-P-KYT-L---V----D-IG----D----G---I----------K---R--------LW---ASSKE--------IHKGNQLVVSKKS-QILLYHAH-HLD--------------------------------------------SDLS----N-D----Y----L---QN------------------------------HNQQFDVLFN-E-I-ISFSK-------K-C---K-L--G-KE--H---------I-Q--KIE-N-VY----------SNKKN-SA--S-------------------------------IEELA-----ESF-------I--------K--------LLG-FT--QL------GA----TS----P------F--N----F-------L-----G--------V--K---L--N-Q-K-Q--Y-K--G-K----K-D-YI--------------------LPCTEGTLIRQSITGLYET,NGGLFDDNPKSPLEVTPSKLVPLKKELNPKKYGGYQKPTTAYPVLLITDTKQLIPISVMNKKQFEQNPVKFLRDRGYQQVGKNDFIKLPKYTLVDIGDGIKRLWASSKEIHKGNQLVVSKKSQILLYHAHHLDSDLSNDYLQNHNQQFDVLFNEIISFSKKCKLGKEHIQKIENVYSNKKNSASIEELAESFIKLLGFTQLGATSPFNFLGVKLNQKQYKGKKDYILPCTEGTLIRQSITGLYET,II-A,NAAN,58.4,TAAATTT,-0.00952232081544543,0.0138246975682088
LanCas9,-GGFSD-EMLV-------------PK-S-D-----S--G-----KLLPRKE-------------------GLDPVKYGGYAKAVESYA-V-LITADEV--KKGKTK--KV-KT-------LVNIPIID---SKK-YE-------------ADPT-----------AYL--------------ASRGYT--------------------NVTNS-F-I-L------------------P-KYS-L---L----E-DP----E----G---R----------R---R--------YL---ASFKE--------FQKANELILPQHL-VELLYWV--------------------------------------------------NAK----D-G----E--------QK---------------------------LEDHKAEFKELFD-K-I-MEFAD-------K-Y---V-V--A-PK--N---------S-E--KIR-R-LY-----------EENQ-DA--T-------------------------------PMELG-----KNF-------V--------E--------LLR-YT--AD------GA----AS----D------F--K----F-------F-----G--------E--N---I--P-R-K-R--Y-N--S-A----G-S-LL------------------------NGTLIYQSKTGLYET,GGFSDEMLVPKSDSGKLLPRKEGLDPVKYGGYAKAVESYAVLITADEVKKGKTKKVKTLVNIPIIDSKKYEADPTAYLASRGYTNVTNSFILPKYSLLEDPEGRRRYLASFKEFQKANELILPQHLVELLYWVNAKDGEQKLEDHKAEFKELFDKIMEFADKYVVAPKNSEKIRRLYEENQDATPMELGKNFVELLRYTADGAASDFKFFGENIPRKRYNSAGSLLNGTLIYQSKTGLYET,II-A,NRG,0.467,TGGGTTT,1.23880781840415,0.0526195678409598
FmaCas9,KGELFN-ATIA----------GKKDY-K-K-----G--K-----IYLPLKKD----------------DRLQDVSKYGGYKAINGAFF-F-LVEHT------KSKK--RI-RS-------IELFPLHL---LSK-FY-------------EDKN--------TVLDYA--------------INVLQ----------------------LQDP-K-I-I-----------I--DKI-N-YRT-E---I----I--I----D----N---F----------S---Y--------LI---STKSN--DGSI-TVKPNEQMYWRVDE-ISNLKKIE-N----------------------------------------------KYKK----D-A----I----L---T-----------------------------EEDRKIMESYID-K-I-YQQFK-------A-G---K-Y--K-NR--R---------T-T--DTI-I-EK-----------YEII-DL-DT-------------------------------LDNKQL---YQLL-------V--------A--------FIS-LS--YK------TS--NNAV----D------F--T----V-------I-----G--------L--G---T--E-C-G-K--P-R--I-T----N-L-PD------------------------NTYLVYKSITGIYEK,KGELFNATIAGKKDYKKGKIYLPLKKDDRLQDVSKYGGYKAINGAFFFLVEHTKSKKRIRSIELFPLHLLSKFYEDKNTVLDYAINVLQLQDPKIIIDKINYRTEIIIDNFSYLISTKSNDGSITVKPNEQMYWRVDEISNLKKIENKYKKDAILTEEDRKIMESYIDKIYQQFKAGKYKNRRTTDTIIEKYEIIDLDTLDNKQLYQLLVAFISLSYKTSNNAVDFTVIGLGTECGKPRITNLPDNTYLVYKSITGIYEK,II-A,NNGAC,0.279,TAGACTT,-0.00471100023525168,0.0265461339200813
LmoCas9,KGEFSK-ATIK-------------PK-G-N-----S--S-----KLIPRKT-------------------NWDPMKYGGLDSPNMAYA-V-VIEYAK-----GKN---KL-VFE----KKIIRVTIME---RKA-FE-------------KDEK-----------AFL--------------EEQG-----------------------YRQP-K-V-L--------------AKL-P-KYT-L---Y----E-CE----E----G---R----------R---R--------ML---ASANE--------AQKGNQQVLPNHL-VTLLHHAA-NCE-------------------------------------------ASDGK----S-L----D----Y--------------------------------IESNREMFAELLA-H-V-SEFAK-------R-Y---T-L--A-EA--N---------L-N--KIN-Q-LF-----------EQNK-EG--D-------------------------------IKAIA-----RSF-------V--------D--------LMA-FN--AM------GA----PA----S------F--K----F-------F-----E--------T--T---I--E-R-K-R--Y-N--N-L----K-E-LL------------------------SSTIIYQSITGLYE-,KGEFSKATIKPKGNSSKLIPRKTNWDPMKYGGLDSPNMAYAVVIEYAKGKNKLVFEKKIIRVTIMERKAFEKDEKAFLEEQGYRQPKVLAKLPKYTLYECEEGRRRMLASANEAQKGNQQVLPNHLVTLLHHAANCEASDGKSLDYIESNREMFAELLAHVSEFAKRYTLAEANLNKINQLFEQNKEGDIKAIARSFVDLMAFNAMGAPASFKFFETTIERKRYNNLKELLSSTIIYQSITGLYE,II-A,NGG,0.522,TGGGTTT,1.19831456548139,0.0419571328736638
