name,aligned_seq,seq,mcherry,mcherry_std,identity,pam,type,expected,
SpyCas9,TGGFSK-ESIL-------------PK-R-N-----S--D-----KLIARKK-------------------DWDPKKYGGFDSPTVAYS-V-LVVAKV-----EKGK--SK-KLKS--VKELLGITIME---RSS-FE-------------KNPI-----------DFL--------------EAKGY----------------------KEVK-K-D-L-----------I--IKL-P-KYS-L---F----E-LE----N----G---R----------K---R--------ML---ASAGE--------LQKGNELALPSKY-VNFLYLAS-HYE--------------------------------------------KLKG----S-P----E----D---NE--Q-KQ--LF-----------------VEQHKHYLDEIIE-Q-I-SEFSK-------R-V---I-L--A-DA--N---------L-D--KVL-S-AY-----------NKHR-DK--P-------------------------------IREQA-----ENI-------I--------H--------LFT-LT--NL------GA----PA----A------F--K----Y-------F-----D--------T--T---I--D-R-K-R--Y-T--S-T----K-E-VL------------------------DATLIHQSITGLYET,TGGFSKESILPKRNSDKLIARKKDWDPKKYGGFDSPTVAYSVLVVAKVEKGKSKKLKSVKELLGITIMERSSFEKNPIDFLEAKGYKEVKKDLIIKLPKYSLFELENGRKRMLASAGELQKGNELALPSKYVNFLYLASHYEKLKGSPEDNEQKQLFVEQHKHYLDEIIEQISEFSKRVILADANLDKVLSAYNKHRDKPIREQAENIIHLFTLTNLGAPAAFKYFDTTIDRKRYTSTKEVLDATLIHQSITGLYET,1,0,1,NGG,II-A,1,0
Seq1Cas9,NGGLFD-NNIL----------AKPEK-D-D-----K--K-----KLFPIKN-------------------SLSTTSYGGYARATIAYS-I-LIVSES-----RERK--EL-K--------LLGLPLLD---KVK-YE-------------KNPT-----------AYL--------------NGIG-----------------------IVNI-K-N-I--------------FKL-S-KYC-L---L----E--F----KEKSIT---Y----------H---R--------YM---VSNQE--------LKRANQLSLTCKE-TELIYTYI-KS---------------------------------------------GEDN----I-Q----L----D---GN---------------------------EKVILSLWNKMIA-F-M-EQTKL---------------I--D-KK--L---------F-V--SLK-E-LK-----------DEVN-LI--N-------------------------------ILDIA-----SKS-------I--------D--------FTK-I---SA------GQ---KKI----V------L--N---DS-------L-----S--------L--P---I--K-R-W-Q--F-K--S-D----E-K-ML--------------------KQLNDATLIHQSVTGLYET,NGGLFDNNILAKPEKDDKKKLFPIKNSLSTTSYGGYARATIAYSILIVSESRERKELKLLGLPLLDKVKYEKNPTAYLNGIGIVNIKNIFKLSKYCLLEFKEKSITYHRYMVSNQELKRANQLSLTCKETELIYTYIKSGEDNIQLDGNEKVILSLWNKMIAFMEQTKLIDKKLFVSLKELKDEVNLINILDIASKSIDFTKISAGQKKIVLNDSLSLPIKRWQFKSDEKMLKQLNDATLIHQSVTGLYET,-0.0002879535685,0.01224274199,0.59,NAGA,II-A,0,1
Smu3Cas9,TGGFSK-ESIL-------------PK-G-D-----S--D-----KLIPRKTK----------------KFYWDTKKYGGFDSPIVAYS-I-LVIADI-----EKGK--SK-KLKT--VKALVGVTIME---KMT-FE-------------RDPV-----------AFL--------------ERKGYR--------------------NVQEE-N-I-I---------------KL-P-KYS-L---F----K-LE----N----G---R----------K---R--------LL---ASARE--------LQKGNEIVLPNHL-GTLLYHA----K--------------------------------------------NIHK----V-D----E----P---KH--L-DY---------------------VDKHKDEFKELLD-V-V-SNFSK-------K-Y---T-L--A-EG--N---------L-E--KIK-E-LY-----------AQNN-GE--D-------------------------------LKELA-----SSF-------I--------N--------LLT-FT--AI------GA----PA----T------F--K----F-------F-----D--------K--N---I--D-R-K-R--Y-T--S-T----T-E-IL------------------------NATLIHQSITGLYET,TGGFSKESILPKGDSDKLIPRKTKKFYWDTKKYGGFDSPIVAYSILVIADIEKGKSKKLKTVKALVGVTIMEKMTFERDPVAFLERKGYRNVQEENIIKLPKYSLFKLENGRKRLLASARELQKGNEIVLPNHLGTLLYHAKNIHKVDEPKHLDYVDKHKDEFKELLDVVSNFSKKYTLAEGNLEKIKELYAQNNGEDLKELASSFINLLTFTAIGAPATFKFFDKNIDRKRYTSTTEILNATLIHQSITGLYET,1.234745758,0.0158000104,0.648,NGGDT,II-A,1,2
EfaCas9,KGGFSK-ETVE-------------PK-K-D-----S--S-----KLLPRKN-------------------NWDPAKYGGLGSPNVAYT-V-AFTYE------KGKA--RK-RTN-----ALEGITIME---REA-FE-------------QSPV-----------LFL--------------KNKG-----------------------YEQA-E-I-E--------------MKL-P-KYA-L---F----E-LE----N----G---R----------K---R--------MV---ASNKE--------AQKANSFLLPEHL-VTLLYHA---------------------------------------------------KQ----Y-D----E----I---SH--K-ES--FD----------------YVNEHHKEFSEVFA-R-V-LEFAG-------K-Y---T-L--A-EK--N---------I-E--KLE-K-IY-----------KENQ-TD--D-------------------------------LAKLA-----SSF-------V--------N--------LMQ-FN--AM------GA----PA----D------F--K----F-------F-----D--------V--T---I--P-R-K-R--Y-T--S-L----T-E-IW------------------------QSTIIHQSITGLYET,KGGFSKETVEPKKDSSKLLPRKNNWDPAKYGGLGSPNVAYTVAFTYEKGKARKRTNALEGITIMEREAFEQSPVLFLKNKGYEQAEIEMKLPKYALFELENGRKRMVASNKEAQKANSFLLPEHLVTLLYHAKQYDEISHKESFDYVNEHHKEFSEVFARVLEFAGKYTLAEKNIEKLEKIYKENQTDDLAKLASSFVNLMQFNAMGAPADFKFFDVTIPRKRYTSLTEIWQSTIIHQSITGLYET,1.177531246,0.02019842949,0.53,BGGDTNN,II-A,1,3
LrhCas9,--DLFK-QTIYAA-------KDSKER-G-G-----S--K-----QLIPKKQ-------------------GYPTQVYGGYTRENTAYL-A-VVKTVE-----KKAD--VY-R--------VVRIATSQ---VAA-LKEARA-----QSTVKERE--------LLKKFL--------------TTKFTKIGK-------------NGKKAITPF-D-I-V-----------I--PRV-P-REQ-L---F----H--N----K----R---Y---------GF---F--------MV---NSDTL--------MHNYQELWMSRSD-QQILSKLV-KSA--------------------------------------------K-------T-----------V--------------E-----------------NGQVGRLFENIVE-Q-I-NKYFP-------L-Y---D-I--N-QF--R-----------K--KLD-Q-SK-----------DIFS-KL--PLEG-------------------------NGTTSGKR-----ETI-------Q--------N--------ILT-GA--GT------GA---KNG----D------L--K----N-------L-----G--------I--K---T--P-F-G-F--L-Q--V-P----S-G-IV---------------------LDDDTTLIYQSPTGML--,DLFKQTIYAAKDSKERGGSKQLIPKKQGYPTQVYGGYTRENTAYLAVVKTVEKKADVYRVVRIATSQVAALKEARAQSTVKERELLKKFLTTKFTKIGKNGKKAITPFDIVIPRVPREQLFHNKRYGFFMVNSDTLMHNYQELWMSRSDQQILSKLVKSAKTVENGQVGRLFENIVEQINKYFPLYDINQFRKKLDQSKDIFSKLPLEGNGTTSGKRETIQNILTGAGTGAKNGDLKNLGIKTPFGFLQVPSGIVLDDDTTLIYQSPTGML,-0.04135694546,0.01221060279,0.279,NNTAAW,II-A,0,4
TbaCas9,KGQLFN-LTIK----------DKTQL-K-K-----N--V-----GNIVANTPISLKN------RKLHLNSVEIAKKYGYFDSLNNAYF-V-LFKYE------EKGK--EK-IG-------FDSITIAY---KER-LK-------------KNLD---------IEKFL--------------ENKG-----------------------YKNS-K-L-I--------------RKI-F-KNQ-K---V----L--I----N----G---Y----------P---Y--------LL---KSFNK--QSQI-KFNNFKILYLNENN-LKFAKDAI-KFEKNNANVDLK--------------------------KQKYIVSFLKKKK----Q-N----E----I---NE--T-YE--ECID-------------RLNDEFDTLFLKLCD-I-Q-KSSIY-------T-NYKLQ-D--F-SS--N---------K-K--S------IEIK-----DKFDIFK-SL--D-------------------------------LYKKS-----KLI-------K--------E--------FLN-YY--KY------EK---NDL----D------F--S----L-------I-----D--------I--D---K--K-A-N-C--I-Q--K-H----F-T-ED---------------------LVKDFVIVDESVTGLFV-,KGQLFNLTIKDKTQLKKNVGNIVANTPISLKNRKLHLNSVEIAKKYGYFDSLNNAYFVLFKYEEKGKEKIGFDSITIAYKERLKKNLDIEKFLENKGYKNSKLIRKIFKNQKVLINGYPYLLKSFNKQSQIKFNNFKILYLNENNLKFAKDAIKFEKNNANVDLKKQKYIVSFLKKKKQNEINETYEECIDRLNDEFDTLFLKLCDIQKSSIYTNYKLQDFSSNKKSIEIKDKFDIFKSLDLYKKSKLIKEFLNYYKYEKNDLDFSLIDIDKKANCIQKHFTEDLVKDFVIVDESVTGLFV,-0.02805774161,0.01052011073,0.27,NNNATTT,II-A,0,5
ScCas9,TGGFSK-ESIL-------------SK-R-E-----S--A-----KLIPRKK-------------------GWDTRKYGGFGSPTVAYS-I-LVVAKV-----EKGK--AK-KLKS--VKVLVGITIME---KGS-YE-------------KDPI-----------GFL--------------EAKGY----------------------KDIK-K-E-L-----------I--FKL-P-KYS-L---F----E-LE----N----G---R----------R---R--------ML---ASATE--------LQKANELVLPQHL-VRLLYYTQ-NIS--------------------------------------------ATTG----S-N----N----L---G---Y-IE--QH-----------------REEFKEIFEKIID-F-S-EKYIL---------K---N-K--V-NS--N---------L-K--S---S-FD-----------EQFA-VS--D-------------------------------SILLS-----NSF-------V--------S--------LLK-YT--SF------GA----SG----G------F--T----F-------L-----D--------L--D---V--K-Q-G-R--L-R--Y-Q----T-V-TE----------------------VLDATLIYQSITGLYET,TGGFSKESILSKRESAKLIPRKKGWDTRKYGGFGSPTVAYSILVVAKVEKGKAKKLKSVKVLVGITIMEKGSYEKDPIGFLEAKGYKDIKKELIFKLPKYSLFELENGRRRMLASATELQKANELVLPQHLVRLLYYTQNISATTGSNNLGYIEQHREEFKEIFEKIIDFSEKYILKNKVNSNLKSSFDEQFAVSDSILLSNSFVSLLKYTSFGASGGFTFLDLDVKQGRLRYQTVTEVLDATLIYQSITGLYET,0.8042003444,0.01484463814,0.833,NNG,II-A,1,6
SmacCas9,NGGLFD-DNPK-----------SPLE-V-T-----P--S-----KLVPLKK-------------------ELNPKKYGGYQKPTTAYP-V-LLITD-------------T-KQ-------LIPISVMN---KKQ-FE-------------QNPV-----------KFL--------------RDRGYQ--------------------QVGKN-D-F-I---------------KL-P-KYT-L---V----D-IG----D----G---I----------K---R--------LW---ASSKE--------IHKGNQLVVSKKS-QILLYHAH-HLD--------------------------------------------SDLS----N-D----Y----L---QN------------------------------HNQQFDVLFN-E-I-ISFSK-------K-C---K-L--G-KE--H---------I-Q--KIE-N-VY----------SNKKN-SA--S-------------------------------IEELA-----ESF-------I--------K--------LLG-FT--QL------GA----TS----P------F--N----F-------L-----G--------V--K---L--N-Q-K-Q--Y-K--G-K----K-D-YI--------------------LPCTEGTLIRQSITGLYET,NGGLFDDNPKSPLEVTPSKLVPLKKELNPKKYGGYQKPTTAYPVLLITDTKQLIPISVMNKKQFEQNPVKFLRDRGYQQVGKNDFIKLPKYTLVDIGDGIKRLWASSKEIHKGNQLVVSKKSQILLYHAHHLDSDLSNDYLQNHNQQFDVLFNEIISFSKKCKLGKEHIQKIENVYSNKKNSASIEELAESFIKLLGFTQLGATSPFNFLGVKLNQKQYKGKKDYILPCTEGTLIRQSITGLYET,-0.009522320815,0.01382469757,58.4,NAAN,II-A,0,7
LanCas9,-GGFSD-EMLV-------------PK-S-D-----S--G-----KLLPRKE-------------------GLDPVKYGGYAKAVESYA-V-LITADEV--KKGKTK--KV-KT-------LVNIPIID---SKK-YE-------------ADPT-----------AYL--------------ASRGYT--------------------NVTNS-F-I-L------------------P-KYS-L---L----E-DP----E----G---R----------R---R--------YL---ASFKE--------FQKANELILPQHL-VELLYWV--------------------------------------------------NAK----D-G----E--------QK---------------------------LEDHKAEFKELFD-K-I-MEFAD-------K-Y---V-V--A-PK--N---------S-E--KIR-R-LY-----------EENQ-DA--T-------------------------------PMELG-----KNF-------V--------E--------LLR-YT--AD------GA----AS----D------F--K----F-------F-----G--------E--N---I--P-R-K-R--Y-N--S-A----G-S-LL------------------------NGTLIYQSKTGLYET,GGFSDEMLVPKSDSGKLLPRKEGLDPVKYGGYAKAVESYAVLITADEVKKGKTKKVKTLVNIPIIDSKKYEADPTAYLASRGYTNVTNSFILPKYSLLEDPEGRRRYLASFKEFQKANELILPQHLVELLYWVNAKDGEQKLEDHKAEFKELFDKIMEFADKYVVAPKNSEKIRRLYEENQDATPMELGKNFVELLRYTADGAASDFKFFGENIPRKRYNSAGSLLNGTLIYQSKTGLYET,1.238807818,0.05261956784,0.467,NRG,II-A,1,8
FmaCas9,KGELFN-ATIA----------GKKDY-K-K-----G--K-----IYLPLKKD----------------DRLQDVSKYGGYKAINGAFF-F-LVEHT------KSKK--RI-RS-------IELFPLHL---LSK-FY-------------EDKN--------TVLDYA--------------INVLQ----------------------LQDP-K-I-I-----------I--DKI-N-YRT-E---I----I--I----D----N---F----------S---Y--------LI---STKSN--DGSI-TVKPNEQMYWRVDE-ISNLKKIE-N----------------------------------------------KYKK----D-A----I----L---T-----------------------------EEDRKIMESYID-K-I-YQQFK-------A-G---K-Y--K-NR--R---------T-T--DTI-I-EK-----------YEII-DL-DT-------------------------------LDNKQL---YQLL-------V--------A--------FIS-LS--YK------TS--NNAV----D------F--T----V-------I-----G--------L--G---T--E-C-G-K--P-R--I-T----N-L-PD------------------------NTYLVYKSITGIYEK,KGELFNATIAGKKDYKKGKIYLPLKKDDRLQDVSKYGGYKAINGAFFFLVEHTKSKKRIRSIELFPLHLLSKFYEDKNTVLDYAINVLQLQDPKIIIDKINYRTEIIIDNFSYLISTKSNDGSITVKPNEQMYWRVDEISNLKKIENKYKKDAILTEEDRKIMESYIDKIYQQFKAGKYKNRRTTDTIIEKYEIIDLDTLDNKQLYQLLVAFISLSYKTSNNAVDFTVIGLGTECGKPRITNLPDNTYLVYKSITGIYEK,-0.004711000235,0.02654613392,0.279,NNGAC,II-A,0,9
LmoCas9,KGEFSK-ATIK-------------PK-G-N-----S--S-----KLIPRKT-------------------NWDPMKYGGLDSPNMAYA-V-VIEYAK-----GKN---KL-VFE----KKIIRVTIME---RKA-FE-------------KDEK-----------AFL--------------EEQG-----------------------YRQP-K-V-L--------------AKL-P-KYT-L---Y----E-CE----E----G---R----------R---R--------ML---ASANE--------AQKGNQQVLPNHL-VTLLHHAA-NCE-------------------------------------------ASDGK----S-L----D----Y--------------------------------IESNREMFAELLA-H-V-SEFAK-------R-Y---T-L--A-EA--N---------L-N--KIN-Q-LF-----------EQNK-EG--D-------------------------------IKAIA-----RSF-------V--------D--------LMA-FN--AM------GA----PA----S------F--K----F-------F-----E--------T--T---I--E-R-K-R--Y-N--N-L----K-E-LL------------------------SSTIIYQSITGLYE-,KGEFSKATIKPKGNSSKLIPRKTNWDPMKYGGLDSPNMAYAVVIEYAKGKNKLVFEKKIIRVTIMERKAFEKDEKAFLEEQGYRQPKVLAKLPKYTLYECEEGRRRMLASANEAQKGNQQVLPNHLVTLLHHAANCEASDGKSLDYIESNREMFAELLAHVSEFAKRYTLAEANLNKINQLFEQNKEGDIKAIARSFVDLMAFNAMGAPASFKFFETTIERKRYNNLKELLSSTIIYQSITGLYE,1.198314565,0.04195713287,0.522,NGG,II-A,1,10